,zipcode,geo_id,year,maxNaics_est,y_pred,Naics_score,pedestrian_scaled,vehicle_scaled,sentiment_score,ratings,estabratio,final_score
173,97231,41051007000,2017,81,54,5,2.791274366794854,2.8132729408915518,1.93775,5.0,1.0064572028701024,5.707309080171233
123,97231,41051004200,2017,81,72,5,2.791274366794854,2.8132729408915518,1.6475499999999998,4.85,1.0613434272659736,5.5887509953699634
163,97231,41051004300,2017,81,54,5,2.791274366794854,2.8132729408915518,1.1954062500000002,4.625,1.064572028701025,5.38139248811921
150,97208,41051005100,2017,81,54,5,2.791274366794854,2.8132729408915518,1.037792,3.716,1.0569972330264816,5.050872781757812
53,97231,41051007100,2017,81,54,5,2.791274366794854,2.8132729408915518,0.0,4.166666666666667,1.0403575179381406,4.865098920704989
